site_code,site_units,original_file_variable,mgeo_cpop_variable_R,display_name,what_it_actually_means,units_actual,start_date,stop_date,file_source,notes,instrument 
USA-MDA,°C,Air Temperature,air_temp,Air Temperature (°C),air temp,,5/1/2015,12/31/2019,Marine_GEO_CPOP_PROCESSING/RitterEdits/SERC,,
USA-MDA,degrees C,Air_Temperature,air_temp,Air Temperature (°C),air temp,,5/30/2019,present,Marine_GEO_CPOP_PROCESSING/RitterEdits/SERC,,
BLZ-CBC,°C,Air Temperature,air_temp,Air Temperature (°C),,,1/1/2017,3/31/2017,Marine_GEO_CPOP_PROCESSING/RitterEdits/CBC,,
USA-IRL,°C,Air Temperature,air_temp,Air Temperature (°C),,,7/25/2012,3/31/2017,Marine_GEO_CPOP_PROCESSING/RitterEdits/SMS,,
BLZ-CBC,C,Air Temperature,air_temp,Air Temperature (°C),,C,9/1/2019,present,CCRE Data Portal/Monthly Summaries,,
PAN-BDT,°C,AirTC_Avg,air_temp_avg,Average Air Temperature (°C),,,3/15/2013,3/31/2017,Marine_GEO_CPOP_PROCESSING/RitterEdits/STRI,,
PAN-BDT,degrees C,AirTC_Avg,air_temp_avg,Average Air Temperature (°C),,,1/1/2019,12/31/2019,MarineGEO_CPOP_DATA/STRI,,
PAN-BDT,degrees C,AirTC_Avg,air_temp_avg,Average Air Temperature (°C),,,1/1/2020,5/30/2020,MarineGEO_CPOP_DATA/STRI,,
PAN-BDT,degrees C,AirTC_Avg,air_temp_avg,Average Air Temperature (°C),,,5/30/2020,present,DropBox/MarineGEO Water Monitoring Panama Bocas/STRI_TMON_Rawdata_Loggernet,,
PAN-BDT,°C,AirTC_Max,air_temp_max,Maximum Air Temperature (°C),,,3/15/2013,3/31/2017,Marine_GEO_CPOP_PROCESSING/RitterEdits/STRI,,
PAN-BDT,degrees C,AirTC_Max,air_temp_max,Maximum Air Temperature (°C),,,1/1/2019,12/31/2019,MarineGEO_CPOP_DATA/STRI,,
PAN-BDT,degrees C,AirTC_Max,air_temp_max,Maximum Air Temperature (°C),,,1/1/2020,5/30/2020,MarineGEO_CPOP_DATA/STRI,,
PAN-BDT,degrees C,AirTC_Max,air_temp_max,Maximum Air Temperature (°C),,,5/30/2020,present,DropBox/MarineGEO Water Monitoring Panama Bocas/STRI_TMON_Rawdata_Loggernet,,
USA-IRL,°C,High Temp,air_temp_max,Maximum Air Temperature (°C),,,7/25/2012,3/31/2017,Marine_GEO_CPOP_PROCESSING/RitterEdits/SMS,,
PAN-BDT,°C,AirTC_Min,air_temp_min,Minimum Air Temperature (°C),,,3/15/2013,3/31/2017,Marine_GEO_CPOP_PROCESSING/RitterEdits/STRI,,
PAN-BDT,degrees C,AirTC_Min,air_temp_min,Minimum Air Temperature (°C),,,1/1/2019,12/31/2019,MarineGEO_CPOP_DATA/STRI,,
PAN-BDT,degrees C,AirTC_Min,air_temp_min,Minimum Air Temperature (°C),,,1/1/2020,5/30/2020,MarineGEO_CPOP_DATA/STRI,,
PAN-BDT,degrees C,AirTC_Min,air_temp_min,Minimum Air Temperature (°C),,,5/30/2020,present,DropBox/MarineGEO Water Monitoring Panama Bocas/STRI_TMON_Rawdata_Loggernet,,
USA-IRL,°C,Low Temp,air_temp_min,Minimum Air Temperature (°C),,,7/25/2012,3/31/2017,Marine_GEO_CPOP_PROCESSING/RitterEdits/SMS,,
USA-IRL,,Arc Int,arc_int,,,,7/25/2012,3/31/2017,Marine_GEO_CPOP_PROCESSING/RitterEdits/SMS,,
PAN-BDT,,Result1_Avg,,,,,3/15/2013,3/31/2017,Marine_GEO_CPOP_PROCESSING/RitterEdits/STRI,,
BLZ-CBC,millibar,Barometric Pressure,barometric_pressure_mBar,Barometric Pressure (mBar),,mBar,9/1/2019,present,CCRE Data Portal/Monthly Summaries,,
USA-MDA,mBar,Barometric Pressure_2,barometric_pressure_mBar_P110B,Barometric Pressure P110B (mBar),barometric pressure,,5/1/2015,12/31/2019,Marine_GEO_CPOP_PROCESSING/RitterEdits/SERC,"one in dock station, one up on weather instrument. One with higher pressure = prob one in the dock station; P110B",
USA-MDA,mBar,Barometric Pressure_1,barometric_pressure_Pa_WXT520,Barometric Pressure WXT520 (Pa),barometric pressure,,5/1/2015,12/31/2019,Marine_GEO_CPOP_PROCESSING/RitterEdits/SERC,WXT520 ,
PAN-BDT,V,Batt_Volt_Avg,batt_volt_avg,Average Battery Voltage,,,3/15/2013,3/31/2017,Marine_GEO_CPOP_PROCESSING/RitterEdits/STRI,,
PAN-BDT,,BattV_Avg,batt_volt_avg,Average Battery Voltage,,,1/1/2019,12/31/2019,MarineGEO_CPOP_DATA/STRI,,
PAN-BDT,,Batt_Volt_Avg,batt_volt_avg,Average Battery Voltage,,,1/1/2019,12/31/2019,MarineGEO_CPOP_DATA/STRI,,
PAN-BDT,V,BattV_Avg,batt_volt_avg,Average Battery Voltage,,,1/1/2019,12/31/2019,MarineGEO_CPOP_DATA/STRI,same variable twice?,
PAN-BDT,,Batt_Volt_Avg,batt_volt_avg,Average Battery Voltage,,,1/1/2020,5/30/2020,MarineGEO_CPOP_DATA/STRI,,
PAN-BDT,W/m²,Batt_Volt_Avg,batt_volt_avg,Average Battery Voltage (W/m^2),,,5/30/2020,present,DropBox/MarineGEO Water Monitoring Panama Bocas/STRI_TMON_Rawdata_Loggernet,,
USA-IRL,mBar,Barometric Pressure,bp_mBar,Barometric Pressure (mBar),,,7/25/2012,3/31/2017,Marine_GEO_CPOP_PROCESSING/RitterEdits/SMS,,
BLZ-CBC,mBar,Barometric Pressure,bp_mBar,Barometric Pressure (mBar),,,1/1/2017,3/31/2017,Marine_GEO_CPOP_PROCESSING/RitterEdits/CBC,,
PAN-BDT,,BP_mbar_Avg,bp_mBar_avg,Average Barometric Pressure (mBar),,,1/1/2019,12/31/2019,MarineGEO_CPOP_DATA/STRI,,
PAN-BDT,,BP_mbar_Avg,bp_mBar_avg,Average Barometric Pressure (mBar),,,1/1/2019,12/31/2019,MarineGEO_CPOP_DATA/STRI,,
PAN-BDT,,BP_mmHg_Avg,bp_mmHg_avg,Average Barometric Pressure (mmHg),,,1/1/2019,12/31/2019,MarineGEO_CPOP_DATA/STRI,,
PAN-BDT,,BP_mmHg_Avg,bp_mmHg_avg,Average Barometric Pressure (mmHg),,,1/1/2019,12/31/2019,MarineGEO_CPOP_DATA/STRI,,
BLZ-CBC,,Wind Speed,check pdf for units,,,,6/5/2015,4/26/2016,Marine_GEO_CPOP_PROCESSING/RitterEdits/CBC,,
USA-IRL,,Cool D-D,cool_D-D,,,,7/25/2012,3/31/2017,Marine_GEO_CPOP_PROCESSING/RitterEdits/SMS,,
USA-MDA,in,Daily_Rain,daily_rain_in,Daily Rain (in),daily rain ,,5/30/2019,present,Marine_GEO_CPOP_PROCESSING/RitterEdits/SERC,,
USA-MDA,mm,Daily Rain,daily_rain_mm,Daily Rain,daily rain,,5/1/2015,12/31/2019,Marine_GEO_CPOP_PROCESSING/RitterEdits/SERC,,
BLZ-CBC,mm,Daily Rain,daily_rain_mm,Daily Rain (mm) ,,,1/1/2017,3/31/2017,Marine_GEO_CPOP_PROCESSING/RitterEdits/CBC,,
BLZ-CBC,mm,Daily Rain,daily_rain_mm,Daily Rain (mm),,mm,9/1/2019,present,CCRE Data Portal/Monthly Summaries,,
USA-IRL,°C,Dew Point,dew_point_C,Dew Point (°C),,,7/25/2012,3/31/2017,Marine_GEO_CPOP_PROCESSING/RitterEdits/SMS,,
USA-IRL,,ET,ET,"consider creating a ""don’t use these"" variable",,,7/25/2012,3/31/2017,Marine_GEO_CPOP_PROCESSING/RitterEdits/SMS,,
USA-IRL,°,Gust Direction,gust_direction_deg,Gust Direction (°),,,7/25/2012,3/31/2017,Marine_GEO_CPOP_PROCESSING/RitterEdits/SMS,,
USA-IRL,,Heat D-D,heat_D-D,,,,7/25/2012,3/31/2017,Marine_GEO_CPOP_PROCESSING/RitterEdits/SMS,,
USA-IRL,,Heat Index,heat_index,Heat Index,,,7/25/2012,3/31/2017,Marine_GEO_CPOP_PROCESSING/RitterEdits/SMS,,
USA-IRL,°C,Inside Dew Pt,inside_dew_point_C,Inside Dew Point (°C),,,7/25/2012,3/31/2017,Marine_GEO_CPOP_PROCESSING/RitterEdits/SMS,,
USA-IRL,°C,Inside Heat Index,inside_heat_index_C,Inside Heat Index (°C),,,7/25/2012,3/31/2017,Marine_GEO_CPOP_PROCESSING/RitterEdits/SMS,,
USA-IRL,%,Inside Humidity,inside_humidity_percent,Inside Humidity (%),,,7/25/2012,3/31/2017,Marine_GEO_CPOP_PROCESSING/RitterEdits/SMS,,
USA-IRL,°C,Inside Temp),inside_temp_C,Inside Temperature (°C),,,7/25/2012,3/31/2017,Marine_GEO_CPOP_PROCESSING/RitterEdits/SMS,,
USA-IRL,,ISS Reception,ISS_reception,,,,7/25/2012,3/31/2017,Marine_GEO_CPOP_PROCESSING/RitterEdits/SMS,,
PAN-BDT,,Logger,logger,Logger,,,1/1/2019,12/31/2019,MarineGEO_CPOP_DATA/STRI,,
PAN-BDT,,Logger,logger,Logger,,,1/1/2019,12/31/2019,MarineGEO_CPOP_DATA/STRI,,
PAN-BDT,,Logger,logger,Logger,,,1/1/2020,5/30/2020,MarineGEO_CPOP_DATA/STRI,,
USA-MDA,µmol/s/m²,PAR,PAR,PAR,photosynthetically active radiation,,5/1/2015,12/31/2019,Marine_GEO_CPOP_PROCESSING/RitterEdits/SERC,,
USA-MDA,micromols/s/m^2,PAR_Den_A,PAR_Den_A,PAR A (µmol/s/m^2),PAR,,5/30/2019,present,Marine_GEO_CPOP_PROCESSING/RitterEdits/SERC,run two separate sensors,
USA-MDA,micromols/s/m^2,PAR_Den_B,PAR_Den_B,PAR B (µmol/s/m^2),PAR,,5/30/2019,present,Marine_GEO_CPOP_PROCESSING/RitterEdits/SERC,,
PAN-BDT,,PBID,PBID,PBID,an ID column for the data,,3/15/2013,3/31/2017,Marine_GEO_CPOP_PROCESSING/RitterEdits/STRI,,
PAN-BDT,,PBID,PBID,PBID,,,1/1/2019,12/31/2019,MarineGEO_CPOP_DATA/STRI,,
PAN-BDT,V,PBID,PBID,PBID,,,1/1/2019,12/31/2019,MarineGEO_CPOP_DATA/STRI,,
PAN-BDT,V,PBID,PBID,PBID,PakBus ID,,1/1/2020,5/30/2020,MarineGEO_CPOP_DATA/STRI,,
PAN-BDT,V,PBID,PBID,PBID,,,5/30/2020,present,DropBox/MarineGEO Water Monitoring Panama Bocas/STRI_TMON_Rawdata_Loggernet,,
USA-MDA,mbar,Barometric_Pressure_PB110B,pressure_PB110B,Barometric Pressure (mbar),,,5/30/2019,present,Marine_GEO_CPOP_PROCESSING/RitterEdits/SERC,,P110B
USA-MDA,bar,Barometric_Pressure_WXT520,pressure_WXT520,Barometric Pressure (Bar),barometric pressure,,5/30/2019,present,Marine_GEO_CPOP_PROCESSING/RitterEdits/SERC,,WXT250
PAN-BDT,,Program,program,Program,,,1/1/2019,12/31/2019,MarineGEO_CPOP_DATA/STRI,,
PAN-BDT,,Program,program,Program,,,1/1/2019,12/31/2019,MarineGEO_CPOP_DATA/STRI,,
PAN-BDT,,Program,program,Program,,,1/1/2020,5/30/2020,MarineGEO_CPOP_DATA/STRI,,
PAN-BDT,,Radar_validity,radar_validity,Radar Validity ,,,1/1/2019,12/31/2019,MarineGEO_CPOP_DATA/STRI,,
PAN-BDT,,Radar_validity,radar_validity,Radar Validity ,,,1/1/2019,12/31/2019,MarineGEO_CPOP_DATA/STRI,,
USA-MDA,in/hr,Rain_Intensity,rain_intensity,Rain Intensity (in/hr),rain intensity,,5/30/2019,present,Marine_GEO_CPOP_PROCESSING/RitterEdits/SERC,,
USA-MDA,mm/hr,Rain Rate,rain_rate_mm_hr,Rain Rate,rain rate,,5/1/2015,12/31/2019,Marine_GEO_CPOP_PROCESSING/RitterEdits/SERC,,
USA-IRL,mm/hr,Rain Rate,rain_rate_mm_hr,Rain Rate (mm/hr),,,7/25/2012,3/31/2017,Marine_GEO_CPOP_PROCESSING/RitterEdits/SMS,,
PAN-BDT,mm,Rain_mm_Tot,rain_tot_mm,Total Rain (mm),,,3/15/2013,3/31/2017,Marine_GEO_CPOP_PROCESSING/RitterEdits/STRI,,
PAN-BDT,mm,Rain_mm_Tot,rain_tot_mm,Total Rain (mm),,,1/1/2019,12/31/2019,MarineGEO_CPOP_DATA/STRI,,
PAN-BDT,mm,Rain_mm_Tot,rain_tot_mm,Total Rain (mm),,,1/1/2020,5/30/2020,MarineGEO_CPOP_DATA/STRI,,
PAN-BDT,mm,Rain_mm_Tot,rain_tot_mm,Total Rain (mm),,,5/30/2020,present,DropBox/MarineGEO Water Monitoring Panama Bocas/STRI_TMON_Rawdata_Loggernet,,
USA-IRL,mm,Rainfall,rain_tot_mm,Rainfall (mm),,,7/25/2012,3/31/2017,Marine_GEO_CPOP_PROCESSING/RitterEdits/SMS,,
USA-MDA,record number,RECORD,record,Record,record number,,5/30/2019,present,Marine_GEO_CPOP_PROCESSING/RitterEdits/SERC,,
PAN-BDT,,RECORD,record,Record,,,3/15/2013,3/31/2017,Marine_GEO_CPOP_PROCESSING/RitterEdits/STRI,,
PAN-BDT,,RECORD,record,Record,,,1/1/2019,12/31/2019,MarineGEO_CPOP_DATA/STRI,,
PAN-BDT,,RECORD,record,Record,,,1/1/2019,12/31/2019,MarineGEO_CPOP_DATA/STRI,,
PAN-BDT,,RECORD,record,Record,,,1/1/2020,5/30/2020,MarineGEO_CPOP_DATA/STRI,,
PAN-BDT,,RECORD,record,Record,,,5/30/2020,present,DropBox/MarineGEO Water Monitoring Panama Bocas/STRI_TMON_Rawdata_Loggernet,,
USA-MDA,%,Relative Humidity,relative_humidity,Relative Humidity (%),relative humidity,,5/1/2015,12/31/2019,Marine_GEO_CPOP_PROCESSING/RitterEdits/SERC,,
USA-MDA,%,Relative_Humidity,relative_humidity,Relative Humidity (%),relative humidity,,5/30/2019,present,Marine_GEO_CPOP_PROCESSING/RitterEdits/SERC,,
BLZ-CBC,%,Relative Humidity,relative_humidity,Relative Humidity (%),,,1/1/2017,3/31/2017,Marine_GEO_CPOP_PROCESSING/RitterEdits/CBC,,
PAN-BDT,,rhx_Avg,rh_avg,Average Relative Humidity (%),,,3/15/2013,3/31/2017,Marine_GEO_CPOP_PROCESSING/RitterEdits/STRI,,
PAN-BDT,%,rhx_Avg,rh_avg,Average Relative Humidity (%),,,1/1/2019,12/31/2019,MarineGEO_CPOP_DATA/STRI,,
PAN-BDT,%,rhx_Avg,rh_avg,Average Relative Humidity (%),,,1/1/2020,5/30/2020,MarineGEO_CPOP_DATA/STRI,,
PAN-BDT,%,rhx_Avg,rh_avg,Average Relative Humidity (%),,,5/30/2020,present,DropBox/MarineGEO Water Monitoring Panama Bocas/STRI_TMON_Rawdata_Loggernet,,
PAN-BDT,%,RH_Max,rh_max,Maximum Relative Humidity (%),,,3/15/2013,3/31/2017,Marine_GEO_CPOP_PROCESSING/RitterEdits/STRI,,
PAN-BDT,%,RH_Max,rh_max,Maximum Relative Humidity (%),,,1/1/2019,12/31/2019,MarineGEO_CPOP_DATA/STRI,,
PAN-BDT,%,RH_Max,rh_max,Maximum Relative Humidity (%),,,1/1/2020,5/30/2020,MarineGEO_CPOP_DATA/STRI,,
PAN-BDT,%,RH_Max,rh_max,Maximum Relative Humidity (%),,,5/30/2020,present,DropBox/MarineGEO Water Monitoring Panama Bocas/STRI_TMON_Rawdata_Loggernet,,
PAN-BDT,%,RH_Min,rh_min,Minimum Relative Humidity (%),,,3/15/2013,3/31/2017,Marine_GEO_CPOP_PROCESSING/RitterEdits/STRI,,
PAN-BDT,%,RH_Min,rh_min,Minimum Relative Humidity (%),,,1/1/2019,12/31/2019,MarineGEO_CPOP_DATA/STRI,,
PAN-BDT,%,RH_Min,rh_min,Minimum Relative Humidity (%),,,1/1/2020,5/30/2020,MarineGEO_CPOP_DATA/STRI,,
PAN-BDT,%,RH_Min,rh_min,Minimum Relative Humidity (%),,,5/30/2020,present,DropBox/MarineGEO Water Monitoring Panama Bocas/STRI_TMON_Rawdata_Loggernet,,
USA-IRL,%,Rel Humidity,rh_percent,Relative Humidity (%),,,7/25/2012,3/31/2017,Marine_GEO_CPOP_PROCESSING/RitterEdits/SMS,,
BLZ-CBC,%,Relative Humidity,rh_percent,Relative Humidity (%),,%,9/1/2019,present,CCRE Data Portal/Monthly Summaries,,
PAN-BDT,,Site,Site,,,,3/15/2013,3/31/2017,Marine_GEO_CPOP_PROCESSING/RitterEdits/STRI,,
USA-IRL,,Solar Energy,solar_energy,Solar Energy,,,7/25/2012,3/31/2017,Marine_GEO_CPOP_PROCESSING/RitterEdits/SMS,,
BLZ-CBC,W/m²,Solar Radiation,solar_rad,Solar Radiation (W/m²),,,1/1/2017,3/31/2017,Marine_GEO_CPOP_PROCESSING/RitterEdits/CBC,,
BLZ-CBC,W/m²,Solar Rad,solar_rad,Solar Radiation (W/m²),,W/m^2,9/1/2019,present,CCRE Data Portal/Monthly Summaries,,
USA-IRL,W/m²,Solar Radiation,solar_rad,Solar Radiation (W/m²),,,7/25/2012,3/31/2017,Marine_GEO_CPOP_PROCESSING/RitterEdits/SMS,,
USA-IRL,W/m²,High Solar Rad,solar_rad_max,Maximum Solar Radiation (W/m²),,,7/25/2012,3/31/2017,Marine_GEO_CPOP_PROCESSING/RitterEdits/SMS,,
PAN-BDT,W/m²,SlrW_N_Avg,solar_rad_N_avg,Average Solar Radiation North (W/m²),,,3/15/2013,3/31/2017,Marine_GEO_CPOP_PROCESSING/RitterEdits/STRI,,
PAN-BDT,W/m²,SlrW_N_Avg,solar_rad_N_avg,Average Solar Radiation North (W/m²),,,5/30/2020,present,DropBox/MarineGEO Water Monitoring Panama Bocas/STRI_TMON_Rawdata_Loggernet,,
PAN-BDT,W/m²,SlrW_N_Max,solar_rad_N_max,Maximum Solar Radiation North (W/m²),,,3/15/2013,3/31/2017,Marine_GEO_CPOP_PROCESSING/RitterEdits/STRI,,
PAN-BDT,W/m²,SlrW_N_Max,solar_rad_N_max,Maximum Solar Radiation North (W/m²),,,5/30/2020,present,DropBox/MarineGEO Water Monitoring Panama Bocas/STRI_TMON_Rawdata_Loggernet,,
PAN-BDT,W/m²,SlrW_N_Min,solar_rad_N_min,Minimum Solar Radiation North (W/m²),,,3/15/2013,3/31/2017,Marine_GEO_CPOP_PROCESSING/RitterEdits/STRI,,
PAN-BDT,W/m²,SlrW_N_Min,solar_rad_N_min,Minimum Solar Radiation North (W/m²),,,5/30/2020,present,DropBox/MarineGEO Water Monitoring Panama Bocas/STRI_TMON_Rawdata_Loggernet,,
PAN-BDT,W/m²,SlrW_S_Avg,solar_rad_S_avg,Maximum Solar Radiation North (W/m²),,,3/15/2013,3/31/2017,Marine_GEO_CPOP_PROCESSING/RitterEdits/STRI,,
PAN-BDT,W/m²,SlrW_S_Avg,solar_rad_S_avg,Average Solar Radiation South (W/m²),,,5/30/2020,present,DropBox/MarineGEO Water Monitoring Panama Bocas/STRI_TMON_Rawdata_Loggernet,,
PAN-BDT,W/m²,SlrW_S_Max,solar_rad_S_max,Maximum Solar Radiation South (W/m²),,,3/15/2013,3/31/2017,Marine_GEO_CPOP_PROCESSING/RitterEdits/STRI,,
PAN-BDT,W/m²,SlrW_S_Max,solar_rad_S_max,Maximum Solar Radiation South (W/m²),,,5/30/2020,present,DropBox/MarineGEO Water Monitoring Panama Bocas/STRI_TMON_Rawdata_Loggernet,,
PAN-BDT,W/m²,SlrW_S_Min,solar_rad_S_min,Minimum Solar Radiation South (W/m²),,,3/15/2013,3/31/2017,Marine_GEO_CPOP_PROCESSING/RitterEdits/STRI,,
PAN-BDT,W/m²,SlrW_S_Min,solar_rad_S_min,Minimum Solar Radiation South (W/m²),,,5/30/2020,present,DropBox/MarineGEO Water Monitoring Panama Bocas/STRI_TMON_Rawdata_Loggernet,,
PAN-BDT,,Switch_low_Avg,switch_low_avg,Average Low Tide Switch,,,1/1/2019,12/31/2019,MarineGEO_CPOP_DATA/STRI,,
PAN-BDT,,Switch_low_Avg,switch_low_avg,Average Low Tide Switch,,,1/1/2019,12/31/2019,MarineGEO_CPOP_DATA/STRI,,
PAN-BDT,,Switch_upp_Avg,switch_upp_avg,Average Upp Tide Switch,,,1/1/2019,12/31/2019,MarineGEO_CPOP_DATA/STRI,,
PAN-BDT,,Switch_upp_Avg,switch_upp_avg,Average Upp Tide Switch,,,1/1/2019,12/31/2019,MarineGEO_CPOP_DATA/STRI,,
PAN-BDT,,Table,table,Table,,,1/1/2019,12/31/2019,MarineGEO_CPOP_DATA/STRI,,
PAN-BDT,,Table,table,Table,,,1/1/2019,12/31/2019,MarineGEO_CPOP_DATA/STRI,,
PAN-BDT,,Table,table,Table,,,1/1/2020,5/30/2020,MarineGEO_CPOP_DATA/STRI,,
PAN-BDT,°C,T107_C_Avg,T107_C_avg,Average Sea Surface Temperature (°C),,,3/15/2013,3/31/2017,Marine_GEO_CPOP_PROCESSING/RitterEdits/STRI,,T107
USA-IRL,,THSW Index,THSW_index,,,,7/25/2012,3/31/2017,Marine_GEO_CPOP_PROCESSING/RitterEdits/SMS,,
USA-IRL,,THW Index,THW_index,get old model from Dean ,,,7/25/2012,3/31/2017,Marine_GEO_CPOP_PROCESSING/RitterEdits/SMS,,
USA-MDA,mm/dd/yyyy hh:mm:ss,Timestamp,timestamp,Date (mm/dd/yyyy),timestamp,,5/1/2015,12/31/2019,Marine_GEO_CPOP_PROCESSING/RitterEdits/SERC,QUESTION: is this loggernet data? Or other?,
USA-MDA,timestamp,TIMESTAMP,timestamp,Timestamp,timestamp,,5/30/2019,present,Marine_GEO_CPOP_PROCESSING/RitterEdits/SERC,,
PAN-BDT,mm/dd/yyyy hh:mm:ss,Timestamp,timestamp,Timestamp,,,3/15/2013,3/31/2017,Marine_GEO_CPOP_PROCESSING/RitterEdits/STRI,,
PAN-BDT,,TIMESTAMP,timestamp,Timestamp,,,12/12/2017,12/31/2018,MarineGEO_CPOP_DATA/STRI,,
PAN-BDT,,TIMESTAMP,timestamp,Timestamp,,,1/1/2019,12/31/2019,MarineGEO_CPOP_DATA/STRI,,
PAN-BDT,,TIMESTAMP,timestamp,Timestamp,,,1/1/2020,5/30/2020,MarineGEO_CPOP_DATA/STRI,,
PAN-BDT,,TIMESTAMP,timestamp,Timestamp,,,5/30/2020,present,DropBox/MarineGEO Water Monitoring Panama Bocas/STRI_TMON_Rawdata_Loggernet,,
USA-IRL,YYYY-mm-ddTHH:MM,Date/Time,timestamp,Timestamp,,,7/25/2012,3/31/2017,Marine_GEO_CPOP_PROCESSING/RitterEdits/SMS,,
BLZ-CBC,mm/dd/yyyy hh:mm:ss,Timestamp,timestamp,Timestamp,,,1/1/2017,3/31/2017,Marine_GEO_CPOP_PROCESSING/RitterEdits/CBC,,
USA-IRL,,UV Dose,UV_dose,UV Dose,,,7/25/2012,3/31/2017,Marine_GEO_CPOP_PROCESSING/RitterEdits/SMS,,
USA-IRL,,UV Index,UV_index,UV Index,,,7/25/2012,3/31/2017,Marine_GEO_CPOP_PROCESSING/RitterEdits/SMS,,
USA-IRL,,UV High,UV_max,Maximum UV,,,7/25/2012,3/31/2017,Marine_GEO_CPOP_PROCESSING/RitterEdits/SMS,,
PAN-BDT,,Wdepth_Avg,water_depth_avg,Average Water Depth (m),water sensor below water surface,,1/1/2019,12/31/2019,MarineGEO_CPOP_DATA/STRI,,
PAN-BDT,,Wdepth_Avg,water_depth_avg,Average Water Depth (m),water sensor below water surface,,1/1/2019,12/31/2019,MarineGEO_CPOP_DATA/STRI,,
PAN-BDT,,Wdistance_Avg,water_distance_avg,Average Water Distance (m),water sensor above water surface,,1/1/2019,12/31/2019,MarineGEO_CPOP_DATA/STRI,,
PAN-BDT,,Wdistance_Avg,water_distance_avg,Average Water Distance (m),water sensor above water surface,,1/1/2019,12/31/2019,MarineGEO_CPOP_DATA/STRI,,
PAN-BDT,,WindDir_D1_WVT,wind_direction,Wind Direction ,,,1/1/2019,12/31/2019,MarineGEO_CPOP_DATA/STRI,,
PAN-BDT,,WindDir_SD1_WVT,wind_direction_SD,Wind Direction Standard Deviation,,,1/1/2019,12/31/2019,MarineGEO_CPOP_DATA/STRI,,
USA-IRL,°C,Wind Chill,wind_chill_C,Wind Chill (°C),,,7/25/2012,3/31/2017,Marine_GEO_CPOP_PROCESSING/RitterEdits/SMS,,
USA-MDA,°,Wind Direction,wind_direction,Wind Direction (°),wind direction ,,5/1/2015,12/31/2019,Marine_GEO_CPOP_PROCESSING/RitterEdits/SERC,,
USA-MDA,degrees,Wind_Direction,wind_direction,Wind Direction (°),wind direction ,,5/30/2019,present,Marine_GEO_CPOP_PROCESSING/RitterEdits/SERC,,
PAN-BDT,kph,WindDir_D1_WVT,wind_direction,Wind Direction (km/h),,,3/15/2013,3/31/2017,Marine_GEO_CPOP_PROCESSING/RitterEdits/STRI,,
PAN-BDT,,WindDir_D1_WVT,wind_direction,Wind Direction,,,1/1/2020,5/30/2020,MarineGEO_CPOP_DATA/STRI,,
PAN-BDT,Deg,WindDir_D1_WVT,wind_direction,Wind Direction (Degree),,,5/30/2020,present,DropBox/MarineGEO Water Monitoring Panama Bocas/STRI_TMON_Rawdata_Loggernet,,
BLZ-CBC,°,Wind Direction,wind_direction,Wind Direction (°),,,1/1/2017,3/31/2017,Marine_GEO_CPOP_PROCESSING/RitterEdits/CBC,,
USA-IRL,°,Wind Direction,wind_direction,Wind Direction (°),,,7/25/2012,3/31/2017,Marine_GEO_CPOP_PROCESSING/RitterEdits/SMS,,
BLZ-CBC,Degree,Wind Direction,wind_direction,Wind Direction (Degree),,degree,9/1/2019,present,CCRE Data Portal/Monthly Summaries,,
PAN-BDT,kph,WindDir_SD1_WVT,wind_direction_sd,Wind Direction Standard Deviation (km/h),,,3/15/2013,3/31/2017,Marine_GEO_CPOP_PROCESSING/RitterEdits/STRI,,
PAN-BDT,,WindDir_SD1_WVT,wind_direction_sd,wind_direction_sd,,,1/1/2020,5/30/2020,MarineGEO_CPOP_DATA/STRI,,
PAN-BDT,Deg,WindDir_SD1_WVT,wind_direction_sd,Wind Direction SD (Degree),,,5/30/2020,present,DropBox/MarineGEO Water Monitoring Panama Bocas/STRI_TMON_Rawdata_Loggernet,,
USA-MDA,mph,Wind Gust,wind_gust,Wind Gust (mph),,,5/1/2015,12/31/2019,Marine_GEO_CPOP_PROCESSING/RitterEdits/SERC,,
USA-IRL,mph,Wind Gust,wind_gust,Wind Gust (mph),,,7/25/2012,3/31/2017,Marine_GEO_CPOP_PROCESSING/RitterEdits/SMS,,
USA-IRL,,Wind Run,wind_run,Wind Run ,,,7/25/2012,3/31/2017,Marine_GEO_CPOP_PROCESSING/RitterEdits/SMS,,
USA-IRL,,Wind Samples,wind_samples,Wind Samples,,,7/25/2012,3/31/2017,Marine_GEO_CPOP_PROCESSING/RitterEdits/SMS,,
USA-MDA,mph,Wind Speed,wind_speed,Wind Speed,wind speed,,5/1/2015,12/31/2019,Marine_GEO_CPOP_PROCESSING/RitterEdits/SERC,,
USA-MDA,mph,Wind_Speed,wind_speed,Wind Speed (mph),wind speed,,5/30/2019,present,Marine_GEO_CPOP_PROCESSING/RitterEdits/SERC,,
BLZ-CBC,mph,Wind Speed,wind_speed,Wind Speed (mph),,,1/1/2017,3/31/2017,Marine_GEO_CPOP_PROCESSING/RitterEdits/CBC,,
PAN-BDT,kph,WS_kph_Max,wind_speed_max,Maximum Wind Speed (km/h),,,1/1/2019,12/31/2019,MarineGEO_CPOP_DATA/STRI,,
USA-MDA,mph,Maximum_Wind_Speed,wind_speed_max,Maximum Wind Speed (mph),max wind speed,,5/30/2019,present,Marine_GEO_CPOP_PROCESSING/RitterEdits/SERC,,
PAN-BDT,kph,WS_kph_Max,wind_speed_max,Maximum Wind Speed (km/h),,,3/15/2013,3/31/2017,Marine_GEO_CPOP_PROCESSING/RitterEdits/STRI,,
PAN-BDT,kph,WS_kph_Max,wind_speed_max,Maximum Wind Speed (km/h),,,1/1/2020,5/30/2020,MarineGEO_CPOP_DATA/STRI,,
PAN-BDT,kph,WS_kph_Max,wind_speed_max,Maximum Wind Speed (km/h),,,5/30/2020,present,DropBox/MarineGEO Water Monitoring Panama Bocas/STRI_TMON_Rawdata_Loggernet,,
PAN-BDT,kph,WS_kph_Min,wind_speed_min,Minimum Wind Speed (km/h),,,1/1/2019,12/31/2019,MarineGEO_CPOP_DATA/STRI,,
PAN-BDT,kph,WS_kph_Min,wind_speed_min,Minimum Wind Speed (km/h),,,3/15/2013,3/31/2017,Marine_GEO_CPOP_PROCESSING/RitterEdits/STRI,,
PAN-BDT,kph,WS_kph_Min,wind_speed_min,Minimum Wind Speed (km/h),,,1/1/2020,5/30/2020,MarineGEO_CPOP_DATA/STRI,,
PAN-BDT,kph,WS_kph_Min,wind_speed_min,Minimum Wind Speed (km/h),,,5/30/2020,present,DropBox/MarineGEO Water Monitoring Panama Bocas/STRI_TMON_Rawdata_Loggernet,,
USA-IRL,mph,Wind Speed,wind_speed,Wind Speed (mph),,,7/25/2012,3/31/2017,Marine_GEO_CPOP_PROCESSING/RitterEdits/SMS,,
BLZ-CBC,mph,Wind Speed,wind_speed,Wind Speed (mph),,mph,9/1/2019,present,CCRE Data Portal/Monthly Summaries,,
PAN-BDT,kph,WS_kph_S_WVT,wind_speed_S,South Wind Speed (km/h),,,1/1/2019,12/31/2019,MarineGEO_CPOP_DATA/STRI,,
PAN-BDT,kph,WS_kph_S_WVT,wind_speed_S,South Wind Speed (km/h),,,5/30/2020,present,DropBox/MarineGEO Water Monitoring Panama Bocas/STRI_TMON_Rawdata_Loggernet,,
PAN-BDT,kph,WS_kph_S_WVT,wind_speed_S_scalar_vector,Wind Speed Scalar Vector South (km/h),,,3/15/2013,3/31/2017,Marine_GEO_CPOP_PROCESSING/RitterEdits/STRI,,
PAN-BDT,kph,WS_kph_S_WVT,wind_speed_scalar_vector,Wind Speed Scalar Vector South (km/h),,,1/1/2020,5/30/2020,MarineGEO_CPOP_DATA/STRI,,
USA-IRL,,Wind TX,wind_TX,,,,7/25/2012,3/31/2017,Marine_GEO_CPOP_PROCESSING/RitterEdits/SMS,,
PAN-BDT,,Tide_Avg,,,,,3/15/2013,3/31/2017,Marine_GEO_CPOP_PROCESSING/RitterEdits/STRI,,
PAN-BDT,,SlrW_N_Max,SlrW_N_Max,Maximum Solar Radiation North (W/m²),,,1/1/2019,12/31/2019,MarineGEO_CPOP_DATA/STRI,,
PAN-BDT,,SlrW_N_Min,SlrW_N_Min,Minimum Solar Radiation North (W/m²),,,1/1/2019,12/31/2019,MarineGEO_CPOP_DATA/STRI,,
PAN-BDT,,SlrW_N_Avg,SlrW_N_Avg,Average Solar Radiation North (W/m²),,,1/1/2019,12/31/2019,MarineGEO_CPOP_DATA/STRI,,
PAN-BDT,,SlrW_S_Max,SlrW_S_Max,Maximum Solar Radiation South (W/m²),,,1/1/2019,12/31/2019,MarineGEO_CPOP_DATA/STRI,,
PAN-BDT,,SlrW_S_Min,SlrW_S_Min,Minimum Solar Radiation South (W/m²),,,1/1/2019,12/31/2019,MarineGEO_CPOP_DATA/STRI,,
PAN-BDT,,SlrW_S_Avg,SlrW_S_Avg,Average Solar Radiation South (W/m²),,,1/1/2019,12/31/2019,MarineGEO_CPOP_DATA/STRI,,
PAN-BDT,,T107_C_Avg,T107_C_avg,Average Sea Surface Temperature (°C),sea surface temp,,1/1/2019,12/31/2019,MarineGEO_CPOP_DATA/STRI,,
PAN-BDT,,SlrW_N_Max,SlrW_N_Max,Maximum Solar Radiation North (W/m²),,,1/1/2020,5/30/2020,MarineGEO_CPOP_DATA/STRI,,
PAN-BDT,,SlrW_N_Min,SlrW_N_Min,Minimum Solar Radiation North (W/m²),,,1/1/2020,5/30/2020,MarineGEO_CPOP_DATA/STRI,,
PAN-BDT,,SlrW_N_Avg,SlrW_N_Avg,Average Solar Radiation North (W/m²),,,1/1/2020,5/30/2020,MarineGEO_CPOP_DATA/STRI,,
PAN-BDT,,SlrW_S_Max,SlrW_S_Max,Maximum Solar Radiation South (W/m²),,,1/1/2020,5/30/2020,MarineGEO_CPOP_DATA/STRI,,
PAN-BDT,,SlrW_S_Min,SlrW_S_Min,Minimum Solar Radiation South (W/m²),,,1/1/2020,5/30/2020,MarineGEO_CPOP_DATA/STRI,,
PAN-BDT,,SlrW_S_Avg,SlrW_S_Avg,Average Solar Radiation South (W/m²),,,1/1/2020,5/30/2020,MarineGEO_CPOP_DATA/STRI,,
PAN-BDT,,T107_C_Avg,T107_C_avg,Average Sea Surface Temperature (°C),,,1/1/2020,5/30/2020,MarineGEO_CPOP_DATA/STRI,,
PAN-BDT,degrees C,T107_C_Avg,T107_C_avg,Average Sea Surface Temperature (°C),,,5/30/2020,present,DropBox/MarineGEO Water Monitoring Panama Bocas/STRI_TMON_Rawdata_Loggernet,,T107
BLZ-CBC,,Timestamp,timestamp,Timestamp,,,6/5/2015,4/26/2016,Marine_GEO_CPOP_PROCESSING/RitterEdits/CBC,,
BLZ-CBC,,Air Temperature,,,,,6/5/2015,4/26/2016,Marine_GEO_CPOP_PROCESSING/RitterEdits/CBC,,
BLZ-CBC,,Wind Direction,,,,,6/5/2015,4/26/2016,Marine_GEO_CPOP_PROCESSING/RitterEdits/CBC,,
BLZ-CBC,,Daily Rain,,,,,6/5/2015,4/26/2016,Marine_GEO_CPOP_PROCESSING/RitterEdits/CBC,,
BLZ-CBC,,Relative Humidity,,,,,6/5/2015,4/26/2016,Marine_GEO_CPOP_PROCESSING/RitterEdits/CBC,,
BLZ-CBC,,Barometric Pressure,,,,,6/5/2015,4/26/2016,Marine_GEO_CPOP_PROCESSING/RitterEdits/CBC,,
BLZ-CBC,,Solar Radiation,,,,,6/5/2015,4/26/2016,Marine_GEO_CPOP_PROCESSING/RitterEdits/CBC,,
BLZ-CBC,,Wind Dir,,,,,6/5/2015,4/26/2016,Marine_GEO_CPOP_PROCESSING/RitterEdits/CBC,,
BLZ-CBC,,Rel.Humidity,,,,,6/5/2015,4/26/2016,Marine_GEO_CPOP_PROCESSING/RitterEdits/CBC,,
BLZ-CBC,,Air Temp,,,,,6/5/2015,4/26/2016,Marine_GEO_CPOP_PROCESSING/RitterEdits/CBC,,
BLZ-CBC,,Rain Rate,,,,,6/5/2015,4/26/2016,Marine_GEO_CPOP_PROCESSING/RitterEdits/CBC,,
BLZ-CBC,,Rainfall,,,,,6/5/2015,4/26/2016,Marine_GEO_CPOP_PROCESSING/RitterEdits/CBC,,
BLZ-CBC,,Solar Rad,,,,,6/5/2015,4/26/2016,Marine_GEO_CPOP_PROCESSING/RitterEdits/CBC,,
BLZ-CBC,,Barometer,,,,,6/5/2015,4/26/2016,Marine_GEO_CPOP_PROCESSING/RitterEdits/CBC,,
